Fund Name,P1,P2,P3,P4,Topsis Score,Rank
M1,250,16,12,5,0.5342768571821003,3
M2,200,16,8,3,0.3083677687324685,5
M3,300,32,16,4,0.6916322312675315,1
M4,275,32,8,4,0.534736584486838,2
M8,225,16,16,2,0.40104612151678615,4
